{"cameraMode":{"drawMode":0,"name":"Shaded","section":"Shading Mode"},"sceneLighting":false,"audioPlay":false,"sceneViewState":{"m_AlwaysRefresh":false,"showFog":true,"showSkybox":false,"showFlares":true,"showImageEffects":true,"showParticleSystems":true,"showVisualEffectGraphs":true,"m_FxEnabled":true},"in2DMode":false,"pivot":{"x":-0.49480584263801577,"y":1.4246563911437989,"z":0.5259714126586914},"rotation":{"x":-0.047164373099803928,"y":-0.9443352818489075,"z":0.2859209179878235,"w":-0.15578122437000276},"size":0.7191917300224304,"orthographic":true}