{"cameraMode":{"drawMode":0,"name":"Shaded","section":"Shading Mode"},"sceneLighting":false,"audioPlay":false,"sceneViewState":{"m_AlwaysRefresh":false,"showFog":true,"showSkybox":false,"showFlares":true,"showImageEffects":true,"showParticleSystems":true,"showVisualEffectGraphs":true,"m_FxEnabled":true},"in2DMode":false,"pivot":{"x":0.16385170817375184,"y":1.613558053970337,"z":-0.10973203182220459},"rotation":{"x":0.02020862326025963,"y":-0.9797885417938232,"z":0.1390729397535324,"w":0.14236867427825929},"size":1.3080599308013917,"orthographic":false}