{"cameraMode":{"drawMode":0,"name":"Shaded","section":"Shading Mode"},"sceneLighting":false,"audioPlay":false,"sceneViewState":{"m_AlwaysRefresh":false,"showFog":true,"showSkybox":false,"showFlares":true,"showImageEffects":true,"showParticleSystems":true,"showVisualEffectGraphs":true,"m_FxEnabled":true},"in2DMode":false,"pivot":{"x":-0.5693492293357849,"y":0.05612128973007202,"z":0.824845552444458},"rotation":{"x":0.009108023717999459,"y":0.9888690710067749,"z":-0.13189826905727387,"w":0.06833881884813309},"size":0.9669428467750549,"orthographic":true}