{"cameraMode":{"drawMode":0,"name":"Shaded","section":"Shading Mode"},"sceneLighting":false,"audioPlay":false,"sceneViewState":{"m_AlwaysRefresh":false,"showFog":true,"showSkybox":false,"showFlares":true,"showImageEffects":true,"showParticleSystems":true,"showVisualEffectGraphs":true,"m_FxEnabled":true},"in2DMode":false,"pivot":{"x":0.09018445760011673,"y":0.4758679270744324,"z":0.9383426904678345},"rotation":{"x":0.2684921622276306,"y":0.11668350547552109,"z":-0.03278335928916931,"w":0.9556271433830261},"size":0.8347143530845642,"orthographic":false}