{"cameraMode":{"drawMode":0,"name":"Shaded","section":"Shading Mode"},"sceneLighting":false,"audioPlay":false,"sceneViewState":{"m_AlwaysRefresh":false,"showFog":true,"showSkybox":false,"showFlares":true,"showImageEffects":true,"showParticleSystems":true,"showVisualEffectGraphs":true,"m_FxEnabled":true},"in2DMode":false,"pivot":{"x":0.17172273993492127,"y":1.5784229040145875,"z":0.37250006198883059},"rotation":{"x":-0.0035743641201406719,"y":0.9852027893066406,"z":0.020692182704806329,"w":0.17014048993587495},"size":1.9059932231903077,"orthographic":false}