{"cameraMode":{"drawMode":0,"name":"Shaded","section":"Shading Mode"},"sceneLighting":false,"audioPlay":false,"sceneViewState":{"m_AlwaysRefresh":false,"showFog":true,"showSkybox":false,"showFlares":true,"showImageEffects":true,"showParticleSystems":true,"showVisualEffectGraphs":true,"m_FxEnabled":true},"in2DMode":false,"pivot":{"x":3.7136149406433107,"y":-2.737184524536133,"z":-10.964128494262696},"rotation":{"x":-0.01020109560340643,"y":-0.9897723197937012,"z":0.09651020914316178,"w":-0.10461417585611344},"size":10.782001495361329,"orthographic":false}