{"cameraMode":{"drawMode":0,"name":"Shaded","section":"Shading Mode"},"sceneLighting":false,"audioPlay":false,"sceneViewState":{"m_AlwaysRefresh":false,"showFog":true,"showSkybox":false,"showFlares":true,"showImageEffects":true,"showParticleSystems":true,"showVisualEffectGraphs":true,"m_FxEnabled":true},"in2DMode":false,"pivot":{"x":-0.9038145542144775,"y":0.8667526245117188,"z":-0.48816537857055666},"rotation":{"x":-0.0390528179705143,"y":0.9607462882995606,"z":-0.18377412855625153,"w":-0.20416000485420228},"size":1.3376164436340333,"orthographic":false}